Importance,N,pct
No,124,0.5767441860465117
Yes,63,0.2930232558139535
Unsure,28,0.13023255813953488
