School level,N,pct
Prekindergarten,58,0.23107569721115537
Elementary,114,0.4541832669322709
Middle,102,0.4063745019920319
High,147,0.5856573705179283
