Geographic Locale,N,pct
Multiple,33,0.13147410358565736
Rural,46,0.18326693227091634
Suburban,31,0.12350597609561753
Urban,141,0.5617529880478087
